Rank,Year,Runtime (Minutes),Rating,Votes,Revenue (Millions),Metascore
1,2014,121,8.1,757074,333.13,76
2,2012,124,7,485820,126.46,65
3,2016,117,7.3,157606,138.12,62
4,2016,108,7.2,60545,270.32,59
5,2016,123,6.2,393727,325.02,40
6,2016,103,6.1,56036,45.13,42
7,2016,128,8.3,258682,151.06,93
8,2016,89,6.4,2490,,71
9,2016,141,7.1,7188,8.01,78
10,2016,116,7,192177,100.01,41
11,2016,133,7.5,232072,234.02,66
12,2016,127,7.8,93103,169.27,74
13,2016,133,7.9,323118,532.17,65
14,2016,107,7.7,118151,248.75,81
15,2016,109,6.4,8612,2.87,70
16,2016,87,6.6,120259,368.31,61
17,2016,139,8.2,211760,67.12,71
18,2016,123,6.7,150823,162.16,58
19,2016,118,8.1,102061,51.69,69
20,2016,116,8,340798,100.5,81
21,2016,120,6.7,19053,7.22,49
22,2016,137,7.9,134213,47.7,96
23,2016,108,6.7,1115,,72
24,2016,92,6.5,38552,153.69,56
25,2016,120,5.3,127553,103.14,32
26,2016,83,6.8,222,,
27,2015,159,8.3,76193,6.5,
28,2016,99,4.7,523,0.01,
29,2016,100,6.2,66540,113.08,60
30,2016,115,5.9,112813,54.65,36
31,2016,111,6.3,48123,60.31,39
32,2016,116,7.5,126030,10.64,67
33,2016,144,7.1,275510,155.33,52
34,2016,108,8,627797,363.02,65
35,2016,107,5.6,46165,26.84,49
36,2016,147,7.9,411656,408.08,75
37,2014,169,8.6,1047747,187.99,74
38,2016,115,7.6,293732,232.6,72
39,2016,132,6.9,122853,93.38,54
40,2007,113,7.1,241,,
41,2016,89,6.3,120690,97.66,66
42,2016,111,7.5,135095,27.85,99
43,2016,73,2.7,496,,
44,2016,115,7.2,37033,12.79,66
45,2016,99,6.3,279,4.21,57
46,2011,136,6.7,395025,241.06,45
47,2016,132,7.3,17818,3.44,64
48,2016,91,5.6,5103,,
49,2016,122,7.1,164567,158.8,68
50,2016,130,3.7,987,,16
51,2015,136,8.1,661608,936.63,81
52,2016,91,5.8,41362,30.35,23
53,2016,118,5.6,20221,32.46,18
54,2014,101,7.2,321933,43,68
55,2008,152,9,1791916,533.32,82
56,2016,161,7.3,49190,7.08,79
57,2016,88,7.2,121103,89.21,71
58,2016,106,7.4,113322,56.23,51
59,2016,117,7,3739,3.18,76
60,2016,96,7.5,137608,125.07,74
61,2016,151,6.7,472307,330.25,44
62,2016,86,6.8,35870,,65
63,2016,112,6.5,102177,75.31,48
64,2015,125,4.1,244474,166.15,46
65,2006,130,8.5,913152,53.08,66
66,2014,129,7.7,440209,128.25,58
67,2016,133,7.4,39784,31.86,69
68,2015,120,8.1,632842,153.63,90
69,2016,106,7.5,291,0.01,61
70,2016,107,7.2,89849,61.28,68
71,2016,133,5.9,149791,,49
72,2016,124,7.1,78079,40.07,60
73,2016,108,7.5,39134,3.73,76
74,2016,97,6.8,43977,30.98,23
75,2016,108,8.1,296853,341.26,78
76,2007,169,7.1,498821,309.4,50
77,2012,143,8.1,1045588,623.28,69
78,2009,153,8.3,959065,120.52,69
79,2006,151,7.3,552027,423.03,53
80,2016,116,5.3,147717,128.34,60
81,2010,148,8.8,1583625,292.57,74
82,2016,118,7.9,105081,5.88,72
83,2013,180,8.2,865134,116.87,75
84,2014,149,8.1,636243,167.74,79
85,2015,137,7.2,301249,350.03,67
86,2015,124,7,455169,652.18,59
87,2016,129,6.4,27869,10.38,49
88,2009,162,7.8,935408,760.51,83
89,2015,187,7.8,341170,54.12,68
90,2016,128,7.4,162122,86.2,51
91,2013,153,8.1,431185,60.96,74
92,2016,123,7,187547,47.17,32
93,2011,146,8.1,342429,169.71,62
94,2016,114,7.1,106463,43.02,57
95,2015,141,7.4,516895,458.99,66
96,2016,116,7.4,175067,36.25,70
97,2016,106,8.6,34110,4.68,79
98,2016,90,5.8,9247,0.15,62
99,2016,105,6.3,10181,1.29,77
100,2006,151,8.5,937414,132.37,85
101,2015,132,7,108836,1.87,55
102,2011,115,7,570814,181.02,57
103,2015,144,8,556097,228.43,80
104,2016,106,7.9,7204,,
105,2015,116,7.3,202973,45.43,56
106,2016,102,7.7,115546,26.86,88
107,2016,120,5.4,1954,1.66,40
108,2016,110,6.3,117590,126.59,44
109,2016,105,5.8,1004,,48
110,2014,108,7.7,339797,25.44,78
111,2016,89,6.3,3712,10.16,44
112,2013,134,8.1,486338,56.67,96
113,2016,118,6.1,512,,65
114,2006,117,7.7,637104,210.59,52
115,2011,130,8.1,590595,380.96,87
116,2016,105,5.8,30761,54.73,42
117,2016,118,6.2,50359,1.33,51
118,2016,161,8.8,48969,11.15,
119,2016,104,7.2,192968,71.9,76
120,2016,97,7.4,157026,486.29,77
121,2016,127,6.7,101058,87.24,57
122,2014,139,6.7,362093,150.83,48
123,2016,98,6,53183,46.01,51
124,2016,86,7.4,10428,,
125,2012,164,8.5,1222645,448.13,78
126,2016,106,7.5,198243,364,77
127,2014,165,5.7,255483,245.43,32
128,2016,96,6.6,69651,38.56,58
129,2008,108,6.4,153481,143.7,51
130,2015,156,8,499424,183.64,76
131,2016,139,7.3,50953,57.64,79
132,2014,125,6,109756,128,69
133,2016,86,6.4,78328,55.12,59
134,2014,107,8.5,477276,13.09,88
135,2013,130,7.1,318051,238.67,61
136,2012,140,7.3,200090,21.38,68
137,2007,122,8.1,660286,74.27,91
138,2013,143,7.3,386102,144.81,55
139,2010,138,8.1,855604,127.97,63
140,2016,148,7.1,13004,,44
141,2009,127,8,526324,257.7,82
142,2010,94,6.2,34184,64,56
143,2015,130,7.8,246360,70.24,81
144,2015,118,8.2,224132,14.68,86
145,2012,165,8.4,1039115,162.8,81
146,2016,144,8.1,33418,2.01,84
147,2016,104,7.4,47694,14.26,77
148,2009,162,7.6,410249,107.5,56
149,2007,113,7.6,442082,121.46,76
150,2016,121,6.2,97623,34.26,42
151,2016,117,6.4,50853,55.47,66
152,2012,142,7.2,735604,408,68
153,2016,88,5.8,4299,0.2,65
154,2015,121,7.6,243230,46.88,82
155,2014,91,8.1,1973,,
156,2007,94,4.7,97618,41.8,29
157,2013,131,7,400519,101.79,64
158,2011,118,7.4,396714,84.24,68
159,2010,112,7.5,291457,31.49,69
160,2007,121,7.9,373244,23.62,81
161,2016,106,6,5926,,40
162,2016,90,7,6946,1.8,63
163,2014,132,8,552298,233.91,74
164,2016,118,6.1,78043,58.4,47
165,2006,144,8,495106,167.01,80
166,2008,122,5.2,361449,191.45,56
167,2016,129,6.5,156567,65.03,46
168,2015,109,7.3,39723,33.31,51
169,2016,144,7.3,76935,52.82,48
170,2015,148,6.8,308981,200.07,60
171,2014,118,7.9,332476,32.28,76
172,2016,101,7.9,72778,48.02,84
173,2016,84,5.2,2127,,59
174,2013,126,8,390531,25.56,90
175,2013,102,7.5,451894,400.74,74
176,2015,130,6.5,143069,93.42,60
177,2014,130,7.6,337777,208.54,79
178,2008,107,7,321442,110.42,71
179,2016,134,7.4,137203,102.46,65
180,2015,117,7.3,368912,180.19,64
181,2016,118,6.7,43086,24.09,59
182,2015,92,6.8,101781,25.14,83
183,2015,105,7,117018,201.15,67
184,2016,112,5.9,1176,,
185,2016,124,8,22389,3.4,85
186,2015,135,6,24003,,51
187,2016,113,6.3,11944,1.72,53
188,2015,119,6.6,97454,31.06,66
189,2011,100,7.8,461509,35.05,78
190,2015,125,6.3,106364,110.01,75
191,2016,133,7.2,27382,12.53,60
192,2016,94,5.6,1445,,42
193,2015,128,8.1,268282,44.99,93
194,2016,92,5.8,22107,3.91,48
195,2011,140,8.2,355722,13.65,71
196,2011,124,6.9,547368,176.64,66
197,2016,95,6.3,3799,,
198,2007,148,8.1,459304,18.35,73
199,2014,114,8.1,532353,91.12,73
200,2016,107,6.3,97082,127.38,52
201,2014,113,7.9,471815,100.19,71
202,2016,146,6.5,12193,8.1,47
203,2016,134,7.3,79855,21.48,58
204,2008,126,7.9,737719,318.3,79
205,2016,120,5.7,70504,66,33
206,2011,132,7.8,550011,146.41,65
207,2016,99,7.5,5435,0.51,81
208,2016,118,7.5,26089,2.14,90
209,2011,125,6.8,227912,169.08,75
210,2016,111,6.7,23713,,67
211,2015,114,6.1,161396,155.18,43
212,2012,94,5.3,114290,14.12,63
213,2007,144,7.1,531112,318.76,61
214,2013,104,5.8,54679,,49
215,2013,112,7,443584,206.36,54
216,2016,126,5.5,73568,31.14,25
217,2014,136,7.8,542362,259.75,70
218,2016,104,5.7,7044,33.04,41
219,2016,100,6.1,1703,,67
220,2010,117,7.7,456749,48.04,66
221,2015,96,6.7,61098,9.24,51
222,2006,117,7.1,283445,244.05,73
223,2014,100,6.9,136399,14.67,83
224,2011,158,7.8,348551,102.52,71
225,2013,110,7,334867,150.37,44
226,2016,163,7,19660,0.66,79
227,2015,119,7.1,121313,8.7,82
228,2010,107,6.4,179450,52,51
229,2014,97,7,268877,241.41,56
230,2016,102,4.8,2382,,35
231,2006,118,8.2,498879,37.62,98
232,2016,95,5.2,3305,0,50
233,2006,139,7.8,247926,50.86,68
234,2015,131,7.4,257472,195,75
235,2016,114,6.1,66766,47.95,35
236,2012,102,8,377336,17.74,67
237,2016,100,6.8,41446,13.96,81
238,2016,85,3.9,4895,2.41,31
239,2014,99,8.1,530881,59.07,88
240,2013,125,5.9,96852,26.62,35
241,2014,134,7.6,332234,85.71,64
242,2015,95,8.2,416689,356.45,94
243,2016,90,5.8,1109,9.4,48
244,2015,126,6.5,205365,89.73,38
245,2010,118,5.9,148949,88.76,47
246,2012,158,7.6,257426,148.78,63
247,2006,109,7.9,382910,35.29,84
248,2016,119,7.4,14708,5.66,83
249,2015,119,7.1,188017,110.82,75
250,2011,112,8.6,557965,13.18,57
251,2016,92,4.9,178,0.32,50
252,2009,94,7.3,50946,0.11,73
253,2015,147,7.9,139831,161.03,72
254,2014,142,6.7,342183,202.85,53
255,2013,112,7.5,330305,137.39,68
256,2009,100,7.8,611563,277.31,73
257,2012,131,5.8,210349,65.17,41
258,2011,105,7.6,422290,176.74,68
259,2016,81,6.4,69823,67.24,58
260,2016,118,7.1,664,2.27,76
261,2014,119,7.8,440299,42.34,88
262,2010,108,8,581518,106.95,79
263,2014,108,6.2,21715,4.4,79
264,2013,117,7,90556,0.79,64
265,2016,112,6,59312,0.54,40
266,2015,99,4.9,53441,0.03,53
267,2016,102,6,75137,35.54,18
268,2012,172,7.5,298651,27.1,55
269,2009,107,6.7,388447,179.88,40
270,2016,85,3.7,2384,,
271,2012,143,7.8,547386,304.36,81
272,2012,169,7.9,668651,303,58
273,2012,110,7.2,432046,138.45,69
274,2016,106,8,52144,3.23,79
275,2016,89,6.8,4729,,
276,2013,124,7,410125,89.02,54
277,2014,112,7.1,280110,191.62,71
278,2007,157,7.7,329683,33.05,78
279,2016,117,7,36312,3.37,83
280,2013,130,7.2,591023,408.99,62
281,2013,115,7.3,492324,117.7,50
282,2009,128,7.6,501769,209.02,57
283,2007,113,7.1,220236,,
284,2015,119,7,110773,12.71,66
285,2014,98,6,122838,72.66,47
286,2011,110,6.1,204874,36.38,33
287,2016,105,5.8,30405,14.9,34
288,2015,127,5.3,150121,47.38,40
289,2016,95,5.8,26508,17.36,47
290,2016,99,6.1,726,,
291,2016,118,7.5,58782,2.13,72
292,2012,112,7.2,226631,65,66
293,2016,92,5.7,76327,55.29,58
294,2016,107,7.7,96,,
295,2013,143,7.1,577010,291.02,55
296,2016,111,6.6,20514,18.71,26
297,2016,94,5.7,34523,64.06,34
298,2006,109,6.8,302268,124.73,62
299,2016,127,7.1,43929,15.43,66
300,2007,158,8.1,400682,40.22,92
301,2014,132,7.2,249425,101.53,57
302,2013,121,7.5,218996,125.07,60
303,2012,95,7,295554,42.04,72
304,2008,97,5.5,67033,48.24,55
305,2010,104,6.4,105619,31.58,46
306,2014,148,6.7,69509,8.09,81
307,2016,113,6.2,57207,77.04,34
308,2016,110,5.5,403,,
309,2006,104,6,193479,62.49,45
310,2016,110,6.1,59886,46.81,51
311,2009,129,7.7,237221,255.95,53
312,2013,180,7.8,103150,2.2,88
313,2014,93,6.8,132580,0.92,86
314,2014,144,7.4,385598,255.11,59
315,2007,138,7.5,385325,292,71
316,2013,126,7,199048,4.56,84
317,2016,112,5.2,73093,34.91,33
318,2016,81,5.3,1263,,
319,2015,94,6.2,81429,65.07,55
320,2011,131,7.3,300803,209.81,66
321,2006,104,6.5,95960,65.27,48
322,2016,84,6.4,616,0.01,74
323,2008,114,7.3,203096,5.69,53
324,2011,109,6.7,319025,37.55,53
325,2010,120,7.7,510100,96.92,95
326,2015,106,6,71149,27.36,34
327,2015,110,6,37975,5.77,36
328,2016,103,7.4,12643,0.04,54
329,2015,95,7,62885,3.22,79
330,2015,133,5.4,43085,7.1,51
331,2016,87,6.9,34248,72.66,56
332,2014,133,7.3,353305,350.12,72
333,2013,117,8,352801,27.3,84
334,2012,150,7.4,207497,182.2,86
335,2013,123,8.1,339722,26.9,75
336,2016,97,6.1,18201,,
337,2012,122,7.8,564364,132.09,81
338,2016,88,5.9,115,,64
339,2014,126,7.8,271301,124.87,69
340,2014,117,6.5,93764,46.28,31
341,2009,107,6.6,217464,155.02,46
342,2012,119,7.4,452369,66.47,84
343,2013,131,6.4,173320,73.1,52
344,2016,102,6.8,36322,76.2,71
345,2007,139,6.2,406219,336.53,59
346,2011,110,5.8,92329,20.32,35
347,2007,127,7.7,220664,38.35,66
348,2013,138,7.3,379088,150.12,90
349,2009,102,5.1,96617,16.2,47
350,2011,94,7.7,320323,56.82,81
351,2016,89,7.3,1396,,83
352,2015,124,6.6,97679,56.44,56
353,2015,119,7.1,33352,2.02,47
354,2016,96,6.7,45579,11.08,64
355,2015,119,6.3,171970,130,42
356,2014,102,5.5,59958,17.18,30
357,2016,118,7.4,5496,,
358,2014,123,7.7,299718,35.89,72
359,2013,107,6.6,327838,101.47,67
360,2013,123,7.8,221600,15.29,55
361,2008,98,6.9,223065,100.47,51
362,2014,100,5.7,14248,0.05,42
363,2013,132,7.8,417663,228.76,72
364,2009,88,7.7,409403,75.59,73
365,2016,106,6.3,89059,30,72
366,2008,120,8,677044,141.32,86
367,2012,115,5.5,194329,292.3,52
368,2016,117,6.9,286,,
369,2012,136,7,474320,262.03,66
370,2016,123,5.7,28326,26.38,38
371,2016,89,6,702,3.85,62
372,2014,113,6.8,335531,102.41,57
373,2016,113,6.3,38430,14.27,36
374,2008,110,6.7,312495,134.57,64
375,2016,111,6.9,31776,27.37,71
376,2016,99,5.7,7583,2.2,33
377,2015,123,6.9,135706,62.56,68
378,2015,133,7.6,175673,109.71,82
379,2016,97,7.1,61812,4.21,64
380,2014,126,6.1,137568,39.29,35
381,2014,86,7.6,84016,3.33,76
382,2015,124,7.4,169083,52.42,57
383,2016,81,6.6,45867,,67
384,2015,142,7.6,217938,72.31,81
385,2014,100,7.8,266508,257.76,83
386,2015,121,7.1,154647,43.25,64
387,2015,105,5.6,101092,78.75,27
388,2010,140,6.7,221117,105.22,53
389,2013,126,6.7,355362,132.55,60
390,2012,132,6.6,220667,73.06,51
391,2016,100,6.3,31913,20.57,63
392,2015,115,5.8,31194,10.64,39
393,2015,122,7.2,116112,17.75,82
394,2016,98,5,102,,43
395,2013,101,5.4,114482,133.67,19
396,2015,112,7.2,112288,42.48,51
397,2008,112,6.8,342355,134.52,61
398,2009,113,5.5,86417,109.18,23
399,2015,85,6,26587,,31
400,2012,110,6.1,113686,113.71,72
401,2015,91,6.4,159830,336.03,56
402,2016,91,3.9,240,,71
403,2008,92,7.1,93972,0.1,
404,2010,95,7.7,410607,251.5,72
405,2014,118,6.7,49041,26.76,29
406,2015,100,6.7,40529,0.23,74
407,2012,157,7.4,226661,95.72,95
408,2010,100,7.8,316459,200.81,71
409,2015,137,6.6,202380,281.67,65
410,2015,99,6.1,74589,58.88,34
411,2008,93,7.8,502961,145,50
412,2015,115,6.5,108306,183.44,63
413,2013,104,7.3,252119,268.49,65
414,2016,130,7.2,35417,,89
415,2016,98,5.6,48161,21.2,38
416,2014,102,5.4,34546,1.82,55
417,2016,108,6.9,164,,85
418,2007,123,7.8,202890,50.92,
419,2010,146,7.7,357213,294.98,65
420,2011,101,7.2,155010,4,72
421,2011,111,6.8,164208,40.25,65
422,2007,88,5.7,8914,0.04,35
423,2016,108,5.8,35003,10.91,45
424,2014,102,6.2,237887,106.37,48
425,2016,99,5.9,100702,62.4,28
426,2008,166,7.8,485075,127.49,70
427,2014,102,6.5,122185,13.75,46
428,2007,115,8.1,525700,227.14,85
429,2010,104,5.2,43648,,55
430,2016,109,6,54216,79,
431,2009,170,8.4,238789,6.52,67
432,2016,102,4.7,48297,28.84,34
433,2013,116,7,494819,202.35,63
434,2011,132,7.4,382459,209.36,73
435,2016,102,6.4,223,,56
436,2013,97,7.1,81301,0.03,
437,2015,123,7.1,58421,37.43,33
438,2012,114,7.6,156189,19,73
439,2013,103,6.6,214825,28.75,41
440,2016,88,5.6,220,,63
441,2013,130,6.3,181521,234.9,44
442,2015,117,7.5,94977,38.32,87
443,2009,100,7.7,156620,75.28,80
444,2010,112,7.4,151409,9.7,81
445,2016,81,6,4531,,31
446,2006,125,6.6,184152,46.98,
447,2012,95,7.1,213764,13.4,59
448,2016,101,7.9,52331,5.2,81
449,2014,102,7.8,309186,222.49,74
450,2013,100,5.9,113272,35.27,53
451,2010,124,7,556666,312.06,57
452,2015,101,7,58720,1.82,49
453,2009,108,6.8,126656,10.33,28
454,2013,119,6.5,214994,98.9,41
455,2011,109,6.1,202682,55.09,36
456,2012,115,8.3,192263,0.61,76
457,2009,108,6.7,241709,163.95,48
458,2015,100,6,95119,90.35,34
459,2011,117,6.4,182069,103.03,33
460,2008,119,7.3,159736,22.88,69
461,2010,125,7.6,294553,92.17,74
462,2016,97,6,51235,35.79,42
463,2016,109,6.6,8229,4.07,63
464,2014,97,7.5,187760,,69
465,2015,103,6.3,57602,80.02,60
466,2011,129,7.5,357436,186.83,48
467,2010,100,6.4,255813,118.31,65
468,2013,91,6.9,111558,1.01,61
469,2009,112,8,556794,115.65,81
470,2010,107,6.7,199900,119.22,64
471,2007,157,7.8,337835,130.13,76
472,2006,123,6.4,83941,15.96,65
473,2009,158,5.8,297984,166.11,49
474,2009,153,7.5,351059,301.96,78
475,2012,120,7.7,481274,136.02,86
476,2016,106,7.4,56332,15.79,54
477,2006,137,8.5,278103,11.28,89
478,2016,94,5.7,8404,,48
479,2016,96,8.3,61,,71
480,2015,113,6.7,41642,,71
481,2008,111,7.2,226619,62.88,67
482,2014,97,6.5,93799,45.09,47
483,2016,115,6.3,48400,12.63,52
484,2016,97,7.7,17584,,43
485,2016,97,6.3,55781,107.51,
486,2012,94,7.8,254446,45.51,84
487,2007,117,6.7,102954,118.82,81
488,2013,115,6.7,84765,71.35,34
489,2015,105,6.6,166489,53.85,56
490,2007,111,8,504039,206.44,96
491,2010,98,6.5,36091,0.02,66
492,2010,118,6.9,241359,94.82,53
493,2008,85,7,313803,80.03,64
494,2015,114,5.3,44553,28.77,34
495,2013,108,6.3,94707,2.61,78
496,2007,101,7.2,565721,256.39,65
497,2012,106,6.8,278379,179.02,58
498,2011,112,7.1,298913,126.98,72
499,2009,109,7.4,228339,73.34,34
500,2009,96,8.3,722203,292.98,88
501,2015,131,6.3,159364,81.69,43
502,2015,118,7.2,77995,0.25,95
503,2016,109,6.5,27428,,68
504,2015,124,7.3,52636,2.7,64
505,2009,141,7.9,166872,,63
506,2016,110,5.7,291,,54
507,2012,131,6.5,107960,47.31,59
508,2009,95,7.7,398972,32.39,76
509,2013,94,4.3,83625,8.83,18
510,2013,91,7.8,622089,274.08,96
511,2008,94,7.8,144614,9.03,55
512,2007,124,7.2,267820,46.98,53
513,2008,91,5,170897,64.51,34
514,2015,132,7.1,47289,66.01,72
515,2015,115,5.7,42506,,60
516,2010,92,7.1,294950,58.4,72
517,2014,150,6,137299,65.01,52
518,2015,120,6.9,188769,31.57,41
519,2013,161,7.9,513744,258.36,66
520,2013,111,6.2,1356,0.05,51
521,2016,120,7.2,24100,2.96,59
522,2013,117,5.3,84927,16.97,48
523,2016,133,4.7,1830,23.05,57
524,2016,112,6.6,36156,,
525,2010,106,7,36043,0.06,60
526,2016,103,3.9,552,93.05,61
527,2013,109,6.6,358932,,
528,2013,100,5.4,26461,7.19,38
529,2014,123,6.4,318058,200.66,62
530,2012,135,6.7,245374,113.17,61
531,2006,117,6.9,74674,7.46,47
532,2016,92,5.4,12758,64.03,59
533,2006,126,7,253858,,
534,2014,89,6.4,352698,126.55,61
535,2016,125,7.2,1024,1.08,77
536,2014,132,6.5,143389,43.57,39
537,2012,130,7,250811,58.68,50
538,2016,108,5.7,24761,0.54,22
539,2016,92,7.3,198,,43
540,2016,108,6.1,7115,,
541,2010,128,7.2,137964,15.52,77
542,2011,105,7.4,444417,79.24,59
543,2016,107,6.3,27042,,39
544,2007,126,7.1,177247,53.68,
545,2015,103,5.7,4912,,39
546,2016,112,6.7,54787,3.71,76
547,2016,92,6.8,10485,4.42,83
548,2010,108,6.5,324898,334.19,53
549,2016,98,6.8,391,0.11,68
550,2016,100,7.9,22941,,77
551,2006,106,5.8,106381,118.68,45
552,2016,123,7.1,17141,7.7,79
553,2015,100,4.3,121847,56.11,27
554,2015,104,6.3,9187,,80
555,2015,106,7.1,30074,,33
556,2015,91,4.6,30180,35.39,30
557,2015,108,7.1,96688,43.77,77
558,2014,92,6.3,148504,55.94,40
559,2015,122,6.9,90372,24.99,47
560,2006,84,6.6,115355,0.44,66
561,2010,103,6.5,283282,102.98,45
562,2013,91,6.5,133113,54.24,57
563,2012,110,6.8,171169,48.06,53
564,2012,101,7.8,290559,189.41,72
565,2012,127,6.1,239772,155.11,57
566,2015,111,5.8,47804,34.96,36
567,2011,154,6.3,338369,352.36,42
568,2007,96,7.5,432461,143.49,81
569,2016,98,6.1,26521,4.2,58
570,2016,98,6.5,68654,41.01,55
571,2014,109,6,110825,83.91,39
572,2007,107,7.1,150353,127.71,75
573,2015,121,7.1,159582,75.27,51
574,2006,101,7.8,374044,59.89,80
575,2016,117,6.8,11900,4.85,62
576,2010,106,5.8,238206,163.19,39
577,2016,117,6.8,44425,27.55,58
578,2010,125,6.8,273959,172.05,49
579,2013,146,7.6,525646,424.65,76
580,2010,101,6.3,44158,0.58,57
581,2016,90,4.9,6809,131.56,37
582,2010,103,4.2,125129,,20
583,2014,94,5.1,89885,38.54,36
584,2012,110,5.7,60059,41.1,41
585,2011,133,7.6,297395,75.61,87
586,2007,114,5.2,190673,115.8,35
587,2014,137,7.2,114006,115.6,59
588,2011,110,6,142900,83.5,46
589,2007,107,7.3,199860,3.68,64
590,2012,93,7.2,293941,237.28,69
591,2009,152,7.8,182074,10.1,76
592,2013,112,6.2,25208,0.32,37
593,2014,106,7.1,116118,10.72,69
594,2006,105,6.4,122864,2.34,45
595,2015,96,6.1,68306,150.32,42
596,2010,116,7.2,97141,12.13,79
597,2008,110,6.6,84083,24.85,39
598,2016,83,6.2,63408,6.86,44
599,2009,97,7.9,277123,5.01,67
600,2010,95,7.3,183926,148.34,63
601,2013,113,6.7,181432,46,40
602,2016,88,6.4,40357,93.95,66
603,2009,129,6.4,137684,,47
604,2016,95,7.2,89791,143.52,66
605,2015,110,5.1,1630,6.53,90
606,2016,95,7.4,338,,
607,2010,100,7.2,116435,,
608,2011,98,6.9,368556,117.53,57
609,2014,139,8.1,33560,3.49,74
610,2008,120,7,216932,75.75,78
611,2013,124,6.2,71822,19.45,52
612,2016,162,7.6,24387,1.48,93
613,2009,135,6.7,130702,43.98,42
614,2007,160,7.5,143564,3.9,68
615,2013,90,6.6,199973,24.48,66
616,2016,92,6.3,21089,0.04,48
617,2016,101,4,277,20.76,53
618,2016,139,6.9,29895,,
619,2015,95,6.3,30053,0.03,52
620,2013,114,7.3,249877,58.23,54
621,2015,103,7.3,66400,17.47,72
622,2012,88,6.4,127157,62.32,39
623,2009,108,6.6,94069,0.4,49
624,2009,97,5.6,78631,65,34
625,2014,109,6,144715,89.25,26
626,2012,118,6.3,210965,58.88,43
627,2006,104,6.7,406540,234.36,58
628,2016,88,6,7181,,46
629,2016,93,6.1,10700,,
630,2014,98,6.2,74886,113.73,47
631,2010,112,6.7,151519,32.36,55
632,2014,112,6.6,261536,6.11,52
633,2006,120,7,73491,2.2,85
634,2011,85,4.9,6683,,94
635,2008,98,8.4,776897,223.81,
636,2007,129,7,309398,148.73,85
637,2011,93,7.5,404884,54.7,74
638,2012,116,7.3,195360,37.4,58
639,2014,83,5.6,50402,31.54,59
640,2012,113,6.7,178471,56.72,49
641,2006,117,8,361105,162.59,64
642,2014,122,8.1,110100,3.08,77
643,2015,119,4.8,31149,,18
644,2016,113,7.5,4304,0.86,73
645,2016,85,5.5,3564,,72
646,2008,116,8.2,595779,148.09,
647,2015,101,6.6,76469,13.65,42
648,2016,133,3.2,173,,57
649,2011,101,5.3,27006,0.03,
650,2014,104,5.6,44111,7.79,30
651,2007,116,7.4,296289,52.88,83
652,2015,101,6.4,36300,,36
653,2010,103,6.8,219916,53.99,52
654,2016,87,6.7,30875,9.39,68
655,2016,83,6.4,482,,82
656,2009,140,7,240323,97.03,70
657,2014,165,7.9,286722,25.36,100
658,2014,101,5.9,178527,190.87,31
659,2007,100,7.7,198006,17.11,82
660,2015,96,6.7,2798,0.03,62
661,2008,111,7,267872,87.34,64
662,2012,95,6.9,54027,0.02,55
663,2007,114,7.7,206707,20.3,72
664,2013,117,6.6,140151,159.58,60
665,2016,102,7.1,5796,0.28,88
666,2012,129,6.6,75291,12.8,63
667,2015,106,5.7,26320,0.05,32
668,2015,115,6.3,136323,81.26,48
669,2013,129,6.5,168875,49.87,45
670,2006,143,8,422014,57.37,64
671,2013,114,6.1,15514,,42
672,2015,137,6.5,47703,1.21,41
673,2008,131,7.6,352023,15.7,94
674,2011,114,5.6,231907,116.59,39
675,2016,98,5.9,9285,,50
676,2007,126,7.2,233346,25.59,58
677,2013,115,6.7,188004,25.12,49
678,2014,102,7.2,80415,0.01,44
679,2015,101,6.5,57874,34.02,56
680,2016,140,7.2,2403,0.54,78
681,2014,123,6.7,331902,337.1,64
682,2011,112,7.5,104953,1.74,68
683,2016,90,6.5,16164,14.01,87
684,2013,130,5.9,112313,31.17,33
685,2008,123,7.7,245144,69.95,36
686,2010,118,8,534388,138.8,88
687,2008,96,7.6,54486,0.15,82
688,2008,88,6.1,252503,80.17,35
689,2010,103,8.3,586669,414.98,92
690,2011,122,7.1,157053,24.1,85
691,2012,96,5.4,114144,42.35,39
692,2016,151,7.8,23540,1.4,56
693,2016,104,6.5,10708,1.36,
694,2014,105,5.5,90188,23.22,39
695,2012,127,7.9,471109,124.98,79
696,2009,93,8.1,177602,,61
697,2011,100,6.1,19636,0.2,
698,2014,106,7.3,86271,0.33,57
699,2007,128,7.2,347567,134.52,69
700,2016,94,5.5,1427,,44
701,2007,111,6.5,73835,1.29,
702,2012,106,7,494641,218.63,62
703,2010,111,7.1,250012,90.36,60
704,2008,165,6.6,106115,49.55,53
705,2010,98,6.5,83788,23.23,44
706,2016,87,5.8,4754,,60
707,2011,106,7.1,208632,62.45,
708,2016,88,6.5,5908,1.02,53
709,2014,141,7.4,146812,47.11,48
710,2013,96,6.2,18437,5.73,50
711,2009,150,6,335757,402.08,35
712,2016,80,7.6,11482,0.92,86
713,2014,95,7.3,50388,50.15,67
714,2010,131,8.2,92863,6.86,80
715,2007,116,5.8,74664,36.77,46
716,2006,108,6.5,141141,197.99,77
717,2015,104,6.6,64557,32.36,38
718,2008,86,6.2,96718,52.53,47
719,2014,138,5.8,209700,101.16,68
720,2014,97,6.4,236500,150.06,68
721,2013,123,6.7,65824,0.33,60
722,2014,115,7.1,95553,37.88,76
723,2010,102,6,190385,162,30
724,2016,89,5.1,26088,20.75,47
725,2010,140,6.2,127983,176.59,61
726,2012,113,6.2,209326,79.71,55
727,2011,109,6.6,286543,55.8,63
728,2006,110,7.6,309934,39.83,68
729,2010,117,6.8,219116,77.21,47
730,2014,100,6.7,71069,0.32,76
731,2013,119,6.3,166342,44.67,42
732,2011,104,7,201707,37.37,57
733,2016,100,6.9,688,,51
734,2006,149,6.6,338280,217.54,46
735,2016,104,7.7,16163,0.69,37
736,2011,126,7.5,259182,73.82,83
737,2015,93,5.6,4155,0.02,68
738,2008,128,7.1,182305,39.38,57
739,2015,118,5.7,17439,0.56,53
740,2008,112,5.2,124554,102.18,31
741,2016,99,5.4,29642,63.03,40
742,2016,111,6.6,8998,4.71,54
743,2009,129,8.2,144524,20.17,80
744,2010,110,7.6,254904,171.03,80
745,2015,96,6.2,25903,3.59,46
746,2014,116,6.1,144779,42.62,44
747,2016,86,4.6,313,,60
748,2016,127,5.7,3731,3.65,
749,2016,99,6.1,30035,34.9,65
750,2013,106,5.9,91684,68.56,39
751,2007,113,7.2,148943,39,68
752,2013,104,6.5,92875,27.69,61
753,2008,107,7.9,322536,7.76,67
754,2012,103,6.3,154400,54.76,31
755,2016,106,5,353,,64
756,2009,111,7.3,187302,0.06,
757,2016,92,5.2,2083,,46
758,2016,87,6.6,256,,36
759,2011,113,5.2,84893,21.27,
760,2010,116,7.8,290056,93.57,79
761,2007,114,7.5,91229,31.66,38
762,2014,114,7.3,151970,31.24,68
763,2015,102,7.3,57826,18.7,73
764,2008,118,6.6,156158,101.11,43
765,2013,85,5.7,154588,64.42,41
766,2014,153,8.2,103279,10.57,51
767,2013,114,6.7,194236,61.66,
768,2008,122,6.2,351361,317.01,65
769,2015,109,6.3,72515,31.99,56
770,2015,119,5.7,25928,0.34,65
771,2008,106,6.6,347798,168.37,58
772,2016,95,4.5,2043,,34
773,2010,98,8.1,523893,217.39,74
774,2006,110,5.6,82701,42.27,36
775,2006,96,7.3,199193,10.14,51
776,2011,106,6.2,110490,191.45,57
777,2016,102,5.1,10871,0.78,35
778,2015,90,4.7,9026,,56
779,2016,90,4.8,499,,
780,2015,108,7.2,29912,3.86,
781,2011,113,6.9,218679,61.09,56
782,2015,117,6.5,67196,12.28,34
783,2007,120,7.3,128146,28.48,45
784,2016,82,6.5,1031,,77
785,2014,95,6.9,31370,0.04,31
786,2013,134,7.8,346154,107.1,83
787,2016,108,6.8,378,,37
788,2016,92,4.6,11555,3.77,22
789,2015,89,6.7,69157,169.69,44
790,2008,92,6.4,366138,227.95,49
791,2015,118,6,50241,87.03,58
792,2013,111,6.3,92868,36.92,42
793,2008,101,6.6,154936,31.45,56
794,2016,66,7.8,4370,0.29,85
795,2012,102,6.6,129252,18.6,40
796,2011,108,6.2,178243,70.63,50
797,2006,120,7.3,87887,5.48,77
798,2013,98,7.4,304837,368.05,62
799,2014,114,6.5,93883,25.98,57
800,2013,109,7,199813,26,81
801,2016,88,4.3,7091,,23
802,2012,110,7.2,196652,14.99,66
803,2007,115,6.2,146566,82.16,59
804,2014,105,6.2,103681,50.55,57
805,2007,104,6.8,221073,71.98,64
806,2014,111,6,52537,33.63,55
807,2010,116,6.6,233148,90.76,50
808,2013,95,7.1,115751,6.85,82
809,2016,111,6.8,4771,3.9,65
810,2016,128,5.2,4964,,30
811,2015,93,6.7,19309,0.05,60
812,2013,100,6.2,142560,71.59,57
813,2009,123,7,153448,41.57,42
814,2012,112,6.3,72050,16.68,54
815,2009,87,7.8,149779,21,83
816,2006,129,7.6,285441,88.5,76
817,2016,95,5.4,8755,,27
818,2010,94,7.6,294010,18.33,82
819,2014,99,5.4,91106,84.26,37
820,2016,73,4.6,564,,63
821,2014,107,6.9,13711,,
822,2009,123,6.8,130153,7.69,65
823,2009,118,5.8,180105,150.17,32
824,2016,119,7,5855,0.3,72
825,2015,90,5.8,4779,,27
826,2016,88,5.3,1427,,25
827,2016,91,4.6,5715,6.88,
828,2016,108,5.3,1391,,77
829,2007,191,7.6,160350,25.03,
830,2008,87,1.9,77207,14.17,15
831,2006,102,7.2,171356,70.27,63
832,2012,94,6.4,16917,49,54
833,2011,120,7.4,67464,11.23,76
834,2008,112,5.7,62719,70.22,29
835,2012,83,6.4,225394,59.62,58
836,2014,108,6.3,38804,5.98,24
837,2016,128,7.5,5531,0.13,84
838,2008,113,5.5,163144,100.02,54
839,2016,102,4.2,8409,,23
840,2016,115,7.8,346,,60
841,2014,108,6.3,125190,54.41,40
842,2015,125,6.4,15232,1.98,74
843,2011,135,7.1,137117,3.03,80
844,2009,97,7.1,95480,104.37,73
845,2010,98,6.8,157499,81.56,69
846,2012,138,7.3,276347,93.75,76
847,2015,94,6.7,77447,177.34,55
848,2013,131,7.8,77986,0.09,49
849,2016,108,6.3,1066,,64
850,2013,128,7.5,69659,95,62
851,2008,123,6.8,198395,81.16,48
852,2013,104,7.4,111875,16.17,62
853,2013,116,6.8,88829,11.33,63
854,2008,96,7.1,208770,23.21,70
855,2008,92,7.6,329788,215.4,73
856,2016,111,5.9,9993,54.01,67
857,2009,115,6.6,297093,125.32,49
858,2007,123,7.5,55648,36.58,64
859,2006,107,6.4,136642,41.78,52
860,2008,141,7.8,206793,35.71,63
861,2010,113,7.2,119376,19.06,40
862,2016,129,8.4,2421,,80
863,2014,81,6.2,32310,66.95,54
864,2013,85,7.1,100890,1.36,81
865,2016,108,6.3,6175,,41
866,2013,120,6.5,61060,0.16,46
867,2016,110,6.9,7402,3.4,78
868,2015,122,6.9,20907,0.64,67
869,2011,99,6.6,20194,52.69,51
870,2006,126,6.9,270429,133.38,66
871,2015,116,7.7,21569,3.36,70
872,2009,85,2.7,59512,9.35,45
873,2012,93,5.4,64584,44.8,31
874,2011,107,7,113599,13.77,48
875,2010,114,6.6,101301,53.36,39
876,2007,100,7,221858,28.64,78
877,2013,98,6.9,193579,66.36,59
878,2013,98,7.3,160592,33.4,78
879,2013,110,5.8,152145,122.51,41
880,2012,99,5.8,159230,83.64,37
881,2016,120,6.9,8365,1.91,68
882,2013,125,7.5,125693,83.3,65
883,2014,119,6.3,184564,23.01,42
884,2011,96,6.9,173919,143.62,63
885,2015,101,6.1,16361,0.03,43
886,2006,143,7.5,253417,34.3,69
887,2011,139,6.8,143517,13.3,85
888,2012,101,6.5,82874,60.44,39
889,2010,88,5.5,75262,25,53
890,2011,100,7.7,281625,34.96,72
891,2016,104,3.5,202,,59
892,2012,134,6.2,108156,67.52,
893,2011,127,7.1,264480,85.46,56
894,2008,145,5.5,102547,152.64,53
895,2008,92,7.1,187077,42.72,46
896,2007,105,7.1,174553,,55
897,2015,123,7.1,61274,34.53,
898,2006,117,7.9,93036,2.28,64
899,2009,96,6.5,172558,88.92,28
900,2009,89,5.5,83976,58.72,24
901,2015,101,6.5,27730,0.81,64
902,2006,105,5.6,118905,34.01,58
903,2013,98,6.8,55243,3.45,59
904,2014,102,7.9,237565,177,76
905,2014,117,6.2,190833,58.61,52
906,2016,110,6.2,1455,,43
907,2015,95,6.7,12361,14.44,63
908,2007,122,6.9,269581,117.14,62
909,2006,95,6.5,64351,7.77,69
910,2011,106,6.6,187004,75.64,70
911,2015,133,6.4,17565,0.08,72
912,2016,87,4.7,4204,,68
913,2007,96,7.2,117297,82.23,74
914,2013,89,7.2,66265,0.07,65
915,2009,122,6.7,33007,36.84,60
916,2016,156,7.5,17962,0.79,81
917,2012,103,6.6,257395,85.02,51
918,2007,91,6.7,19351,,29
919,2006,147,7.5,199387,2.21,56
920,2007,113,6.1,155078,70.08,51
921,2010,97,6.4,67801,0.12,62
922,2015,93,6.3,31651,3.64,32
923,2009,102,6.4,152808,64.15,48
924,2015,103,6.8,57921,27.29,38
925,2006,154,6.1,246797,200.07,72
926,2011,117,4.9,190244,281.28,45
927,2009,110,7.3,91623,47.54,79
928,2015,110,5.9,7475,0.02,23
929,2016,86,6.1,3843,,86
930,2012,144,7.1,112902,16.38,
931,2011,113,5.9,39380,51.78,58
932,2014,107,6.8,92170,50.46,46
933,2016,97,5.4,924,,52
934,2016,97,6.3,2205,,46
935,2016,120,6.2,4669,0.22,82
936,2006,108,6.6,137502,148.21,66
937,2009,92,4.4,60655,0.18,33
938,2010,96,6.8,64535,0.32,50
939,2016,108,7.3,14689,,83
940,2009,109,7.4,279694,83.81,
941,2008,98,6.1,50255,0.07,58
942,2010,124,4.9,192740,300.52,58
943,2016,86,5.8,1292,,73
944,2011,106,6.1,62095,13.99,35
945,2013,119,6.4,132098,42,49
946,2009,99,6.9,72533,,66
947,2013,132,7.2,93322,116.63,
948,2016,91,5.6,3990,0.03,48
949,2013,100,4.9,166512,60.52,33
950,2016,80,6.1,2417,0.15,69
951,2015,105,7.8,92076,6.74,74
952,2011,115,7.3,211348,82.62,84
953,2010,146,4.3,62403,95.33,27
954,2013,95,7.2,65653,1.29,61
955,2008,105,6.4,173731,36.06,43
956,2014,94,6.2,81823,26.05,36
957,2010,100,5.2,84158,40.17,32
958,2012,109,7.7,192190,40.98,68
959,2014,117,6.2,73567,30.69,40
960,2006,110,7.8,271940,22.49,53
961,2013,101,7,97141,2.32,61
962,2015,101,5.9,10220,0.01,59
963,2008,115,6.7,88260,26.81,50
964,2010,108,6.3,60133,0.09,27
965,2016,104,6.9,280,,72
966,2006,180,7,44227,,
967,2016,122,6.7,1810,,70
968,2015,123,7.3,92378,10.14,
969,2015,83,3.5,1210,,37
970,2013,150,6.5,190855,89.29,
971,2013,92,4.8,37060,34.33,62
972,2007,105,6.9,193491,80.05,
973,2012,123,5.9,64513,38.51,47
974,2011,111,6.2,108544,38.18,52
975,2016,124,7.4,6753,8.81,73
976,2016,94,6,20966,59.57,37
977,2015,113,6.2,31634,,39
978,2016,92,5,2229,,38
979,2016,97,7,10658,,48
980,2011,120,7.6,108772,3.19,70
981,2016,109,7,12048,61.69,44
982,2014,118,5.3,27312,85.91,33
983,2007,133,7.4,95172,24.34,56
984,2014,104,6.5,112729,82.39,30
985,2015,111,6.8,21405,42.65,47
986,2011,102,5.6,87904,21.56,31
987,2011,92,5.9,88000,42.58,50
988,2014,104,6.3,33688,23.39,30
989,2008,99,7.1,63785,,89
990,2014,128,7.5,67637,52.07,
991,2009,92,6.6,129708,45.8,44
992,2007,165,8.5,102697,1.2,42
993,2011,97,6.3,45419,6.92,
994,2010,97,5.9,140900,60.13,37
995,2012,88,6.7,164088,54.72,48
996,2015,111,6.2,27585,,45
997,2007,94,5.5,73152,17.54,46
998,2008,98,6.2,70699,58.01,50
999,2014,93,5.6,4881,,22
1000,2016,87,5.3,12435,19.64,11
